"","pitch_type","release_speed","release_pos_x","release_pos_y","release_pos_z"
"1","FF",94.2,-1.98,53.65,5.78
"2","ST",76.1,-2.01,54.01,5.74
"3","ST",77.2,-2.05,53.82,5.6
"4","ST",79.8,-2.17,53.86,5.7
"5","FF",92.2,-1.67,53.6,5.95
"6","ST",80.6,-2.06,53.92,5.64
"7","ST",78.8,-2.11,53.84,5.61
"8","FF",90.1,-1.66,53.71,6.04
"9","FF",94.3,-1.92,53.68,5.84
"10","ST",79,-2.06,53.87,5.79
"11","FF",94.4,-1.83,53.72,5.92
"12","ST",79.6,-2.21,53.97,5.66
"13","FF",92.6,-1.87,53.75,5.87
"14","ST",79.1,-2.08,53.81,5.72
"15","ST",80.6,-2.17,53.84,5.64
"16","FF",94.1,-1.84,53.45,5.82
"17","FF",90.9,-1.73,53.65,6.06
"18","FF",89.3,-1.98,53.63,6
"19","ST",80,-2.39,53.53,5.54
"20","FF",94.2,-1.84,53.45,5.83
"21","ST",81,-2.37,53.59,5.42
"22","ST",82.1,-2.25,53.64,5.46
"23","FF",96.4,-2.24,53.62,5.68
"24","ST",86.1,-2.36,53.66,5.55
"25","FF",96.6,-1.97,53.52,5.72
"26","FF",96.3,-1.98,53.48,5.78
"27","ST",81.5,-2.19,53.75,5.65
"28","ST",80.8,-2.32,53.51,5.6
"29","ST",84.4,-2.38,53.67,5.46
"30","FF",95.4,-2.02,53.49,5.81
"31","FF",95.8,-1.91,53.56,5.82
"32","ST",80.7,-2.38,53.72,5.56
"33","FF",95.2,-2.21,53.51,5.68
"34","ST",86.9,-2.31,53.67,5.42
"35","ST",83.7,-2.38,53.56,5.54
"36","FF",92.8,-2.1,53.51,5.71
"37","ST",80.2,-2.1,53.54,5.75
"38","FF",92.7,-1.81,53.48,5.88
"39","FF",94.2,-1.98,53.53,5.87
"40","FF",95.3,-2.06,53.52,5.77
"41","FF",94.9,-2.09,53.56,5.73
"42","FF",95.9,-1.89,53.56,5.86
"43","FF",93.5,-1.92,53.52,5.9
"44","ST",84.3,-2.3,53.42,5.39
"45","ST",85.5,-2.12,53.51,5.56
"46","FF",97.9,-1.77,53.49,5.85
"47","FF",96.4,-1.96,53.52,5.72
"48","FF",96.9,-2.1,53.51,5.77
"49","ST",83.1,-2.09,53.57,5.71
"50","FF",95.2,-1.75,53.44,5.86
"51","FF",96.2,-1.91,53.45,5.72
"52","ST",82.2,-2.11,53.5,5.62
"53","FF",93.6,-1.81,53.44,5.86
"54","ST",85.4,-2.34,53.49,5.56
"55","ST",77.8,-2.45,53.86,5.48
"56","FF",96.6,-1.97,53.44,5.78
"57","ST",85.1,-2.23,53.44,5.56
"58","ST",82.9,-2.14,53.58,5.56
"59","ST",82.3,-2.17,53.67,5.53
"60","FF",95.3,-1.9,53.58,5.9
"61","FF",97.2,-2.14,53.47,5.57
"62","FF",97.2,-2.01,53.43,5.7
"63","FF",93.4,-1.9,53.39,5.74
"64","ST",81.4,-2.2,53.6,5.63
"65","FF",95,-2.21,53.58,5.71
"66","ST",82.3,-2.24,53.96,5.63
"67","ST",84.4,-2.26,53.68,5.68
"68","FF",96.5,-1.94,53.6,5.82
"69","FF",96,-1.91,53.53,5.8
"70","FF",96.7,-2.14,53.5,5.68
"71","ST",83.9,-2.26,53.47,5.7
"72","FF",96.6,-2.16,53.67,5.77
"73","FF",95.4,-2.11,53.57,5.73
"74","ST",84.3,-2.27,53.43,5.61
"75","FF",94.8,-2.02,53.48,5.81
"76","ST",81.6,-2.3,53.76,5.74
"77","FF",96.1,-2.11,53.47,5.79
"78","ST",85.3,-2.27,53.68,5.7
"79","ST",83.4,-2.35,53.59,5.61
"80","FF",95.7,-1.97,53.39,5.96
"81","ST",81.6,-2.09,53.64,5.8
"82","FF",96.8,-2,53.52,5.77
"83","ST",81.7,-2.24,53.66,5.61
"84","FF",94.3,-2.08,53.41,5.77
"85","ST",80.3,-2.22,53.66,5.61
"86","ST",83.9,-2.37,53.6,5.52
"87","ST",82.8,-2.2,53.68,5.72
"88","ST",81.1,-2.07,53.47,5.65
"89","ST",82.3,-2.13,53.45,5.58
"90","ST",82.5,-2.12,53.58,5.64
"91","FF",93.6,-1.85,53.43,5.87
"92","ST",77.7,-2.24,53.83,5.61
"93","FF",90.1,-2.16,53.78,5.94
"94","ST",80,-2.08,53.78,5.66
"95","ST",80.5,-2.41,53.68,5.62
"96","ST",86.7,-2.47,53.61,5.35
"97","FF",98.3,-2.06,53.48,5.55
"98","ST",82,-2.28,53.61,5.44
"99","ST",84.2,-2.39,53.77,5.34
"100","ST",84.7,-2.36,53.56,5.43
"101","FF",98.7,-2.51,53.61,5.39
"102","FF",98.8,-2.36,53.56,5.44
"103","FF",96.9,-2.33,53.58,5.47
"104","FF",98.5,-2.2,53.6,5.52
"105","FF",97.8,-2.19,53.58,5.69
"106","FF",97.4,-2.14,53.56,5.72
"107","FF",98.3,-2.33,53.63,5.55
"108","FF",100.2,-2.25,53.63,5.57
"109","FF",98.1,-2.05,53.51,5.59
"110","FF",100,-2.2,53.54,5.66
"111","ST",88.2,-2.47,53.5,5.47
"112","ST",88.7,-2.47,53.62,5.39
"113","ST",86.4,-2.38,53.68,5.49
"114","ST",87.8,-2.34,53.74,5.51
"115","ST",86.2,-2.44,53.54,5.46
"116","ST",87.8,-2.44,53.63,5.59
"117","FF",99.2,-2.48,53.77,5.56
"118","ST",88.2,-2.44,53.53,5.47
"119","ST",85.6,-2.39,53.54,5.53
"120","ST",83.8,-2.37,53.59,5.61
"121","ST",87.5,-2.3,53.64,5.44
"122","FF",99.9,-2.21,53.52,5.62
"123","FF",99.9,-2.21,53.63,5.53
"124","FF",99.4,-2.36,53.69,5.54
"125","FF",99.3,-2.23,53.62,5.58
"126","FF",99.6,-2.21,53.48,5.48
"127","ST",85.3,-2.27,53.68,5.43
"128","ST",86.3,-2.32,53.69,5.49
"129","ST",84.1,-2.25,53.71,5.58
"130","FF",99.4,-2.07,53.4,5.59
"131","ST",85.8,-2.3,53.62,5.38
"132","FF",98.3,-2.02,53.51,5.63
"133","ST",87.1,-2.3,53.58,5.43
"134","FF",98.6,-1.98,53.52,5.6
"135","FF",98.1,-2.13,53.62,5.68
"136","ST",85.1,-2.33,53.56,5.57
"137","FF",96.1,-2.13,53.46,5.65
"138","FF",97.5,-2.37,53.81,5.41
"139","ST",81.4,-2.59,54.1,5.24
"140","FF",96.9,-2.41,53.86,5.29
"141","FF",96,-2.54,53.71,5.3
"142","FF",96.5,-2.21,53.89,5.48
"143","FF",96.3,-2.38,53.85,5.34
"144","ST",85.8,-2.65,53.9,5.17
"145","FF",97.1,-2.47,53.81,5.25
"146","FF",98.3,-2.03,53.82,5.56
"147","FF",97.9,-2.19,53.81,5.5
"148","FF",96.8,-2.09,53.84,5.53
"149","FF",96.9,-2.2,53.71,5.48
"150","ST",83.9,-2.31,53.88,5.27
"151","FF",98.9,-2.25,53.63,5.23
"152","FF",98.6,-2.23,53.78,5.39
"153","FF",96.9,-2.23,53.79,5.42
"154","ST",85.1,-2.48,53.91,5.25
"155","ST",85.1,-2.53,53.95,5.19
"156","FF",96.9,-2.34,53.61,5.26
"157","FF",97.9,-2.33,53.62,5.37
"158","ST",85.2,-2.42,53.76,5.2
"159","ST",84.7,-2.42,53.93,5.2
"160","FF",97.4,-2.2,53.6,5.33
"161","FF",97.8,-2.19,53.68,5.34
"162","FF",96.7,-2.16,53.65,5.52
"163","FF",96.3,-2.06,53.64,5.54
"164","ST",82.8,-2.33,53.89,5.33
"165","ST",82,-2.41,53.94,5.43
"166","ST",85.7,-2.43,53.77,5.3
"167","FF",98.4,-2.21,53.72,5.42
"168","FF",93.9,-2.01,53.76,5.63
"169","FF",97.1,-2.29,53.71,5.33
"170","ST",85.8,-2.35,53.56,5.35
"171","ST",86.1,-2.39,53.68,5.29
"172","FF",98.2,-2.3,53.67,5.53
"173","FF",99.5,-2.17,53.65,5.37
"174","FF",96.7,-2.14,53.77,5.46
"175","FF",96.9,-2.2,53.79,5.47
"176","FF",97.7,-2.16,53.78,5.57
"177","ST",83,-2.28,54.04,5.49
"178","FF",95.8,-2.15,53.44,5.38
"179","ST",83.7,-2.61,53.94,5.26
"180","ST",85.6,-2.48,53.84,5.2
"181","FF",95.7,-2.22,53.77,5.35
"182","ST",83.3,-2.39,53.81,5.27
"183","FF",97.2,-2.3,53.84,5.45
"184","ST",82.3,-2.35,53.84,5.44
"185","ST",86.7,-2.66,53.92,5.26
"186","ST",85,-2.51,53.91,5.31
"187","FF",97.6,-2.03,53.78,5.59
"188","ST",84.7,-2.49,53.93,5.4
"189","ST",85.8,-2.43,53.93,5.29
"190","FF",96.5,-1.99,53.62,5.56
"191","FF",97.9,-2.51,53.89,5.37
"192","ST",84.7,-2.49,54.01,5.28
"193","ST",84.7,-2.4,53.87,5.35
"194","FF",95.8,-2.21,53.64,5.47
"195","FF",96.6,-2.3,53.81,5.43
"196","FF",96.1,-2.44,53.82,5.52
"197","FF",96.4,-2.33,53.68,5.39
"198","FF",98.5,-2.03,53.83,5.59
"199","FF",96.3,-2.41,53.64,5.3
"200","FF",95.9,-2.11,53.67,5.54
"201","FF",96.4,-2.19,53.71,5.57
"202","ST",84.8,-2.34,53.91,5.36
"203","FF",98.5,-2.07,53.65,5.49
"204","FF",96.8,-2.33,53.7,5.42
"205","FF",99,-2.56,53.77,5.1
"206","ST",87,-2.41,53.81,5.37
"207","FF",98.7,-2.42,53.83,5.36
"208","FF",97.7,-2.27,53.88,5.43
"209","ST",87.3,-2.39,53.82,5.4
"210","ST",83.5,-2.55,53.92,5.3
"211","ST",84.6,-2.5,53.98,5.38
"212","FF",97.6,-2.24,53.76,5.57
"213","ST",83.2,-2.48,53.98,5.36
"214","FF",97.5,-2.06,53.77,5.57
"215","FF",95.8,-2.19,53.72,5.52
"216","FF",95.8,-2.22,53.65,5.52
"217","FF",97.9,-2.35,53.77,5.33
"218","FF",96.3,-2.09,53.76,5.55
"219","FF",96.8,-2.2,53.77,5.45
"220","FF",95.9,-2.3,53.54,5.44
"221","FF",95.2,-2.1,53.68,5.56
"222","ST",82.3,-2.32,53.91,5.38
"223","FF",96.7,-2.11,53.85,5.6
"224","FF",95.5,-2.06,53.83,5.57
"225","FF",96.8,-2.36,53.92,5.46
"226","FF",97.3,-2.2,53.72,5.48
"227","FF",96.3,-2.1,53.8,5.52
"228","FF",96.7,-2.17,53.75,5.53
"229","FF",94.6,-2.23,53.68,5.57
"230","ST",84.1,-2.19,53.68,5.54
"231","FF",97.1,-1.94,53.45,5.63
"232","ST",83.3,-2.3,53.6,5.57
"233","ST",86.3,-2.58,53.73,5.46
"234","FF",96.2,-2.34,53.29,5.42
"235","ST",83.9,-2.46,53.48,5.41
"236","FF",97.7,-2.13,53.54,5.56
"237","ST",87.7,-2.55,53.59,5.38
"238","ST",84.7,-2.47,53.62,5.53
"239","ST",84.7,-2.26,53.6,5.54
"240","FF",96.7,-2.06,53.53,5.65
"241","ST",85,-2.31,53.63,5.5
"242","ST",84.4,-2.49,53.63,5.48
"243","FF",97.9,-2.49,53.69,5.32
"244","ST",85.6,-2.43,53.6,5.36
"245","ST",84.4,-2.46,53.69,5.48
"246","ST",85.6,-2.57,53.76,5.38
"247","ST",86,-2.42,53.5,5.51
"248","FF",99.4,-2.26,53.52,5.48
"249","ST",85.5,-2.54,53.44,5.4
"250","FF",100,-2.29,53.35,5.48
"251","FF",99,-2.4,53.61,5.54
"252","FF",98.9,-2.09,53.51,5.66
"253","ST",85.3,-2.43,53.65,5.47
"254","FF",96.1,-2.13,53.58,5.66
"255","ST",84.6,-2.41,53.77,5.43
"256","FF",97,-2.24,53.57,5.42
"257","FF",95.7,-2.14,53.6,5.61
"258","FF",95.9,-1.99,53.43,5.71
"259","ST",83.3,-2.29,53.75,5.56
"260","ST",84,-2.34,53.74,5.48
"261","FF",97.9,-2.35,53.61,5.53
"262","ST",83,-2.28,53.65,5.63
"263","FF",95.7,-2.33,53.65,5.54
"264","FF",93.7,-2.33,53.53,5.46
"265","ST",85.5,-2.42,53.54,5.51
"266","FF",97,-2.33,53.56,5.43
"267","ST",84.2,-2.28,53.61,5.58
"268","ST",83.3,-2.08,53.58,5.63
"269","ST",83.6,-2.39,53.57,5.52
"270","ST",84,-2.15,53.51,5.63
"271","FF",95,-1.96,53.42,5.8
"272","FF",97.2,-2.47,53.51,5.45
"273","FF",96.8,-2.18,53.47,5.56
"274","ST",84.8,-2.29,53.62,5.57
"275","ST",84.3,-2.35,53.83,5.51
"276","FF",97.7,-2.02,53.45,5.61
"277","FF",96.9,-2.07,53.42,5.63
"278","ST",82.7,-2.39,53.66,5.55
"279","ST",83.6,-2.32,53.68,5.61
"280","FF",93.8,-1.97,53.49,5.72
"281","FF",96.1,-2.17,53.52,5.6
"282","ST",83.4,-2.16,53.68,5.58
"283","ST",85.8,-2.34,53.72,5.56
"284","ST",84.8,-2.25,53.59,5.71
"285","ST",85.9,-2.27,53.58,5.61
"286","FF",97.3,-2.08,53.61,5.66
"287","ST",85.1,-2.42,53.49,5.48
"288","ST",82.8,-2.25,53.52,5.61
"289","FF",93.8,-1.93,53.52,5.75
"290","ST",79.8,-2.24,53.84,5.76
"291","FF",93.3,-1.82,53.52,5.94
"292","ST",80.6,-2.37,53.36,5.55
"293","ST",83.7,-2.47,53.47,5.53
"294","ST",83.3,-2.48,53.49,5.5
"295","FF",95.6,-2.17,53.54,5.62
"296","FF",95,-2.01,53.48,5.69
"297","FF",96,-2.04,53.44,5.68
"298","FF",96.2,-2.06,53.44,5.72
"299","ST",82.3,-2.54,53.66,5.56
"300","ST",84.5,-2.32,53.5,5.5
"301","FF",92.6,-2.22,53.53,5.77
"302","ST",82.5,-2.26,53.47,5.54
"303","FF",94.3,-1.88,53.31,5.81
"304","FF",96.1,-1.99,53.34,5.7
"305","ST",87.3,-2.4,53.33,5.31
"306","ST",86.3,-2.35,53.36,5.51
"307","FF",98.6,-2.01,53.38,5.77
"308","FF",99.3,-2.25,53.44,5.61
"309","FF",98.8,-2.2,53.41,5.67
"310","FF",97.8,-2.15,53.42,5.63
"311","ST",85.2,-2.44,53.34,5.45
"312","FF",95.2,-2.2,53.41,5.53
"313","ST",83.1,-2.5,53.3,5.45
"314","ST",83.8,-2.45,53.84,5.54
"315","FF",97.1,-2.1,53.3,5.47
"316","ST",84.4,-2.27,53.44,5.49
"317","ST",85,-2.36,53.69,5.48
"318","FF",97.5,-2.2,53.38,5.62
"319","ST",84.5,-2.28,53.39,5.55
"320","FF",95.8,-2.11,53.42,5.64
"321","ST",80,-2.03,53.59,5.74
"322","ST",81.6,-2.17,53.54,5.67
"323","ST",85.2,-2.58,53.61,5.48
"324","FF",93.6,-2.05,53.46,5.75
"325","FF",95.6,-2,53.32,5.73
"326","ST",82,-2.21,53.49,5.69
"327","ST",79.3,-2.25,53.57,5.78
"328","ST",86.2,-2.31,53.6,5.6
"329","FF",98,-2.23,53.49,5.64
"330","FF",96.9,-2.1,53.34,5.64
"331","FF",96.7,-2.29,53.51,5.68
"332","FF",96.5,-2.05,53.4,5.84
"333","FF",93.3,-2,53.43,5.76
"334","ST",83,-2.26,53.55,5.67
"335","FF",92.2,-2.14,53.44,5.62
"336","FF",93.6,-2,53.39,5.76
"337","ST",84.9,-2.45,53.71,5.4
"338","ST",85,-2.47,53.77,5.61
"339","FF",95.3,-2.17,53.53,5.73
"340","ST",82.1,-2.42,53.62,5.55
"341","FF",94.4,-1.95,53.41,5.75
"342","ST",84.6,-2.37,53.6,5.49
"343","ST",83.6,-2.41,53.8,5.62
"344","ST",84.6,-2.31,53.58,5.56
"345","FF",96.2,-2.1,53.4,5.73
"346","FF",96.7,-1.95,53.41,5.71
"347","FF",97.5,-1.94,53.46,5.82
"348","FF",94,-1.84,53.4,5.82
"349","ST",82.9,-2.25,53.55,5.65
"350","ST",80,-2.15,53.63,5.72
"351","FF",94.3,-2.07,53.33,5.6
"352","FF",96.4,-2.03,53.4,5.65
"353","ST",82.6,-2.35,53.68,5.59
"354","FF",94.3,-2.04,53.42,5.73
"355","ST",82,-2.24,53.49,5.67
"356","ST",82.5,-2.36,53.41,5.63
"357","ST",79.8,-2.32,53.57,5.64
"358","FF",94.2,-1.94,53.2,5.49
"359","FF",92.6,-2.02,53.57,5.63
"360","ST",81.1,-2.32,54,5.34
"361","ST",79.9,-2.07,54.26,5.54
"362","FF",93.1,-1.97,53.26,5.66
"363","FF",97.1,-2.22,53.65,5.38
"364","ST",85.8,-2.44,53.89,5.23
"365","FF",97,-2.16,53.73,5.52
"366","ST",85.4,-2.32,53.61,5.36
"367","ST",85.3,-2.44,53.57,5.29
"368","FF",97.3,-2.1,53.62,5.5
"369","FF",97.4,-2.3,53.7,5.44
"370","FF",97.3,-2.28,53.64,5.48
"371","FF",95.3,-2.08,53.54,5.54
"372","ST",81,-2.2,53.63,5.6
"373","FF",93.5,-2.07,53.65,5.63
"374","ST",79.6,-2.2,53.84,5.67
"375","ST",79.2,-2.05,53.87,5.68
"376","FF",94.8,-2.18,53.78,5.52
"377","ST",80.5,-2.23,53.69,5.5
"378","FF",94.7,-1.96,53.63,5.65
"379","ST",81.5,-2.16,53.46,5.49
"380","FF",95.7,-1.81,53.64,5.67
"381","ST",77.8,-2.12,53.58,5.6
"382","FF",94.5,-1.98,53.72,5.54
"383","ST",84.2,-2.13,53.84,5.5
"384","FF",94.8,-2.1,53.84,5.62
"385","FF",94.8,-1.74,53.53,5.79
"386","FF",98,-1.9,54.11,5.92
"387","FF",95.6,-1.93,53.71,5.79
"388","FF",97.5,-1.88,53.59,5.81
"389","ST",82.1,-2.19,53.92,5.64
"390","FF",94.4,-2.01,53.57,5.61
"391","FF",97,-2.25,53.78,5.5
"392","FF",97,-2.21,54.09,5.64
"393","FF",95.6,-2.23,53.67,5.52
"394","FF",96.1,-1.9,53.72,5.7
"395","FF",95.3,-1.86,53.68,5.75
"396","FF",94.4,-1.96,54.32,5.75
"397","FF",94.8,-1.88,53.71,5.65
"398","FF",95.6,-2.06,53.71,5.57
"399","FF",94.5,-1.96,53.76,5.69
"400","FF",94.7,-1.82,53.5,5.77
"401","FF",92.3,-2.13,53.75,5.78
"402","ST",78.9,-2.18,53.85,5.7
"403","FF",92.2,-2.2,53.79,5.7
"404","ST",79.5,-2.25,53.98,5.57
"405","FF",92.6,-1.81,53.64,5.88
"406","ST",83.2,-2.3,53.62,5.65
"407","ST",85.5,-2.54,53.58,5.62
"408","FF",97.2,-2.21,53.46,5.8
"409","ST",86.9,-1.65,53.59,6.25
"410","ST",85.3,-2.45,53.52,5.55
"411","FF",94.4,-1.87,53.49,5.89
"412","FF",99.2,-2,53.47,5.79
"413","ST",84.5,-2.48,53.62,5.52
"414","ST",84.8,-2.68,53.53,5.51
"415","FF",97.2,-2.28,53.54,5.73
"416","FF",97.4,-2.25,53.53,5.74
"417","FF",94.6,-2.31,53.69,5.77
"418","FF",95.2,-2.19,53.25,5.75
"419","FF",92.5,-2.15,53.53,5.76
"420","ST",81.8,-2.45,53.47,5.66
"421","ST",81.6,-2.32,53.39,5.66
"422","FF",97,-2.17,53.71,5.8
"423","FF",97.1,-2.07,53.59,5.85
"424","FF",96.8,-2.06,53.31,5.83
"425","ST",81.6,-2.45,53.58,5.74
"426","FF",94.7,-1.87,53.51,5.99
"427","FF",94.7,-2.14,53.49,5.76
"428","FF",93.7,-2.03,53.63,6.04
"429","FF",96.4,-2.23,53.47,5.77
"430","ST",83.1,-2.4,53.57,5.57
"431","FF",97.7,-2.02,53.54,5.77
"432","ST",86.2,-2.29,53.48,5.58
"433","FF",94,-2.01,53.58,5.94
"434","ST",78.8,-2.26,53.51,5.75
"435","FF",93.1,-1.91,53.65,6.04
"436","FF",96.5,-2.21,53.52,5.73
"437","FF",97.4,-2.1,53.55,5.81
"438","FF",96.2,-2.24,53.5,5.75
"439","FF",95.6,-2.01,53.51,5.86
"440","FF",95.8,-2.01,53.43,5.81
"441","ST",81.8,-2.28,53.77,5.73
"442","ST",85.3,-2.42,53.59,5.48
"443","ST",85.5,-2.45,53.57,5.53
"444","FF",97.5,-2.13,53.55,5.67
"445","FF",96.8,-2.34,53.48,5.6
"446","FF",97.6,-2.11,53.48,5.67
"447","FF",97.8,-2,53.61,5.84
"448","FF",97.1,-2.24,53.56,5.7
"449","FF",98.2,-2.29,53.44,5.67
"450","ST",88.3,-2.61,53.64,5.45
"451","FF",97.6,-2.4,53.66,5.56
"452","FF",97,-2.28,53.46,5.57
"453","FF",96.8,-2.12,53.49,5.71
"454","ST",84.4,-2.24,53.7,5.72
"455","ST",83,-2.38,53.56,5.76
"456","ST",81.9,-2.23,53.47,5.69
"457","ST",84.6,-2.22,53.63,5.74
"458","ST",82.7,-2.24,53.75,5.76
"459","FF",97.6,-1.97,53.64,5.91
"460","FF",96.4,-1.97,53.42,5.88
"461","ST",85.7,-2.48,53.7,5.62
"462","ST",81.9,-2.24,53.71,5.7
"463","FF",95.2,-2.21,53.37,5.72
"464","FF",94.5,-2.16,53.57,5.61
"465","FF",96,-2.13,53.54,5.56
"466","ST",83.5,-2.41,53.45,5.52
"467","FF",98.5,-2.22,53.49,5.65
"468","FF",96.2,-2.35,53.71,5.58
"469","FF",96.8,-2.21,53.83,5.58
"470","FF",99.6,-1.97,53.74,5.8
"471","FF",97.9,-2.15,53.5,5.67
"472","ST",83.4,-2.4,53.52,5.54
"473","FF",96.6,-2.06,53.42,5.59
"474","FF",97.9,-2.03,53.56,5.64
"475","FF",98,-2.12,53.79,5.73
"476","ST",84,-2.51,53.53,5.36
"477","FF",98.5,-2.01,53.62,5.71
"478","FF",97.7,-1.96,53.48,5.7
"479","FF",97.4,-2.19,53.54,5.62
"480","FF",92.4,-2.15,53.68,5.79
"481","FF",92.8,-2.07,53.42,5.77
"482","FF",92.5,-1.79,53.32,5.92
"483","FF",97.8,-2.25,53.71,5.58
"484","FF",97.6,-2.25,53.4,5.61
"485","FF",97.9,-2.23,53.63,5.61
"486","FF",95.6,-2.04,53.37,5.68
"487","ST",84.4,-2.47,53.56,5.46
"488","FF",98,-2.3,53.59,5.59
"489","ST",85.1,-2.55,53.49,5.45
"490","FF",96.6,-2.25,53.46,5.65
"491","FF",97.9,-2.24,53.63,5.68
"492","ST",84,-2.37,53.67,5.52
"493","FF",97.4,-2.39,53.4,5.52
"494","FF",92.9,-2.11,53.33,5.83
"495","FF",97.4,-2.21,53.31,5.67
"496","FF",98.8,-2.14,53.36,5.68
"497","FF",98,-2.18,53.44,5.74
"498","FF",97.1,-2.22,53.5,5.7
"499","FF",98.3,-2.12,53.47,5.76
"500","ST",86.3,-2.44,53.24,5.5
"501","FF",97.1,-2.07,53.38,5.79
"502","FF",94.7,-2.03,53.54,5.88
"503","ST",82.3,-2.23,53.47,5.69
"504","FF",95.6,-2,53.46,5.77
"505","FF",97.9,-2.2,53.35,5.75
"506","ST",85,-2.35,53.43,5.54
"507","FF",100.3,-2.18,53.64,5.64
"508","FF",98.4,-2.22,53.54,5.73
"509","FF",96.3,-2.14,53.68,5.77
"510","FF",97.6,-2.15,53.49,5.66
"511","FF",96.7,-2.06,53.37,5.75
"512","ST",81.3,-2.38,53.46,5.59
"513","FF",98.9,-2.29,53.45,5.7
"514","FF",99.3,-2.1,53.42,5.77
"515","FF",95.6,-1.94,53.52,5.76
"516","FF",97.4,-2,53.49,5.87
"517","FF",98.5,-1.95,53.57,5.88
"518","FF",94,-1.85,53.45,5.87
"519","FF",97.5,-1.97,53.46,5.57
"520","FF",96.6,-2.06,53.43,5.7
"521","FF",96.1,-2.02,53.47,5.72
"522","ST",84.4,-2.38,53.34,5.52
"523","FF",97.4,-1.93,53.34,5.74
"524","ST",84.8,-2.33,53.35,5.49
"525","FF",95.8,-2.28,53.69,5.64
"526","ST",79.2,-2.45,54.14,5.57
"527","FF",96.7,-2.25,53.64,5.6
"528","ST",76.8,-2.32,54.38,5.75
"529","FF",95.1,-2.4,53.37,5.57
"530","ST",86.5,-2.53,53.53,5.47
"531","FF",97.3,-2.12,53.7,5.68
"532","FF",97.5,-2.2,53.52,5.65
"533","ST",84.7,-2.4,53.18,5.44
"534","FF",95.2,-2.27,53.62,5.6
"535","ST",83.2,-2.54,53.93,5.54
"536","FF",97.1,-2.12,53.61,5.7
"537","FF",99.2,-2.1,53.81,5.76
"538","ST",86.5,-2.41,53.88,5.56
"539","FF",96.5,-1.97,53.66,5.8
"540","FF",94.5,-1.92,53.29,5.85
"541","ST",86.9,-2.67,53.5,5.4
"542","FF",96.8,-2.45,53.31,5.57
"543","ST",81.9,-2.39,53.42,5.53
"544","ST",88,-2.57,53.51,5.47
"545","ST",80.7,-2.37,53.89,5.64
"546","ST",83.7,-2.61,53.73,5.49
"547","ST",86.3,-2.53,53.7,5.54
"548","FF",97.7,-2.53,53.99,5.59
"549","FF",96.7,-2.21,53.71,5.66
"550","ST",82.1,-2.4,53.3,5.64
"551","FF",97.6,-2.18,53.5,5.64
"552","FF",99.6,-2.3,53.59,5.53
"553","FF",99,-2.22,53.61,5.75
"554","FF",98.6,-2.17,53.23,5.74
"555","ST",84.3,-2.65,52.93,5.5
"556","FF",97.6,-2.44,53.51,5.6
"557","ST",86.7,-2.45,53.25,5.48
"558","FF",97.7,-2.13,53.53,5.64
"559","FF",97.1,-2.17,53.26,5.57
"560","ST",84,-2.34,53.97,5.57
"561","FF",98.6,-2.21,53.69,5.6
"562","ST",86.6,-2.54,53.65,5.43
"563","FF",99.2,-2.11,53.72,5.76
"564","ST",84.2,-2.31,53.74,5.59
"565","ST",83.8,-2.38,53.57,5.65
"566","FF",98.4,-2.19,53.71,5.7
"567","ST",83.9,-2.25,53.15,5.63
"568","FF",98.4,-2.14,53.59,5.73
"569","FF",97.9,-2.24,53.67,5.62
"570","ST",84.5,-2.61,53.33,5.58
"571","ST",83.6,-2.46,53.17,5.56
"572","FF",98.5,-2.1,53.31,5.65
"573","FF",95.7,-2.19,53.69,5.8
"574","ST",83.7,-2.59,53.64,5.55
"575","FF",97.9,-2.27,53.79,5.63
"576","FF",99.5,-2.2,53.75,5.66
"577","FF",99.6,-2.26,53.57,5.52
"578","FF",100.3,-2.25,53.55,5.63
"579","ST",85.5,-2.51,53.18,5.49
"580","FF",98.1,-2.19,53.71,5.7
"581","ST",86.6,-2.44,53.63,5.45
"582","FF",97.1,-2.32,53.7,5.53
"583","FF",97.9,-2.12,53.76,5.66
"584","ST",85.2,-2.45,53.31,5.42
"585","FF",96.6,-2.2,53.71,5.67
"586","FF",97.6,-2.25,53.74,5.69
"587","ST",84.7,-2.42,53.34,5.55
"588","FF",98.9,-2.2,53.58,5.79
"589","FF",98,-2.11,53.58,5.69
"590","ST",86.4,-2.58,53.74,5.53
"591","FF",99.8,-2.23,53.57,5.67
"592","FF",98.8,-2.13,53.77,5.72
"593","FF",98,-2.23,53.39,5.61
"594","FF",99.1,-2.16,53.62,5.63
"595","FF",97.1,-2.26,53.74,5.65
"596","FF",97.4,-2.08,53.46,5.73
"597","FF",96.9,-2.06,53.65,5.79
"598","FF",98.6,-1.87,53.29,5.83
"599","FF",96.9,-1.93,53.39,5.82
"600","FF",98,-2.21,53.51,5.47
"601","ST",84.5,-2.42,53.48,5.41
"602","FF",96.2,-1.97,53.44,5.64
"603","FF",97.5,-2.09,53.55,5.65
"604","FF",95.8,-2.1,53.64,5.67
"605","FF",94.6,-2.01,53.51,5.7
"606","FF",95.4,-2.31,53.49,5.51
"607","FF",96.1,-2.12,53.43,5.49
"608","FF",97.7,-2.28,53.53,5.46
"609","ST",83.8,-2.37,53.55,5.37
"610","ST",84.2,-2.47,53.41,5.45
"611","ST",80.7,-2.25,53.61,5.7
"612","ST",79.3,-2.28,53.72,5.69
"613","ST",84.9,-2.6,53.48,5.41
"614","ST",83.5,-2.54,53.4,5.44
"615","FF",92.7,-2.16,53.26,5.69
"616","FF",93.5,-1.97,53.24,5.64
"617","ST",81.3,-2.47,53.38,5.72
"618","FF",96.1,-2.33,53.43,5.41
"619","FF",97.1,-2.23,53.41,5.7
"620","FF",95.8,-2.07,53.25,5.54
"621","FF",93.9,-2.09,53.28,5.53
"622","ST",85.6,-2.4,53.71,5.51
"623","FF",98.5,-2.26,53.58,5.59
"624","FF",96.9,-2.16,53.47,5.59
"625","FF",94.8,-2.32,53.4,5.51
"626","FF",96.6,-2.31,53.33,5.47
"627","FF",93,-2.11,53.44,5.56
"628","FF",96.8,-2.07,53.59,5.69
"629","ST",80.2,-2.27,53.62,5.77
"630","FF",94.1,-2.03,53.26,5.75
"631","FF",95.1,-2.4,53.53,5.68
"632","ST",82.9,-2.41,53.44,5.51
"633","FF",96.7,-2.28,53.58,5.49
"634","FF",95,-2.16,53.49,5.59
"635","ST",83.9,-2.42,53.29,5.47
"636","FF",95.6,-2.09,53.46,5.67
"637","FF",92.3,-2.1,53.54,5.65
"638","FF",95.8,-2.12,53.48,5.62
"639","FF",92.6,-1.96,53.39,5.7
"640","FF",93.9,-2.1,53.56,5.64
"641","FF",94.1,-1.98,53.45,5.71
"642","ST",84,-2.51,53.39,5.47
"643","ST",82.1,-2.38,53.67,5.55
"644","ST",85.2,-2.33,53.52,5.51
"645","FF",96,-2.22,53.43,5.51
"646","FF",94.2,-1.99,53.45,5.7
"647","FF",94.8,-1.98,53.42,5.78
"648","ST",84.3,-2.34,53.39,5.56
"649","ST",85,-2.27,53.45,5.52
"650","FF",97.6,-2.08,53.45,5.69
"651","FF",95.7,-2.16,53.38,5.7
"652","FF",94.7,-2.09,53.28,5.68
"653","FF",95.8,-2.37,53.49,5.62
"654","FF",92.5,-2.27,53.42,5.65
"655","ST",81.3,-2.34,53.51,5.58
"656","FF",98.9,-2.51,52.98,5.62
"657","ST",83.1,-2.38,53.79,6.08
"658","ST",81,-2.18,53.89,6.18
"659","FF",96.7,-2.49,53.7,5.76
"660","ST",82.3,-2.68,53.81,5.64
"661","FF",96.5,-2.26,53.6,5.76
"662","ST",83.1,-2.58,52.72,5.7
"663","ST",83.6,-2.47,52.89,5.76
"664","ST",83.9,-2.62,53.76,5.68
"665","ST",83.7,-2.48,53.87,5.76
"666","FF",100.7,-2.45,52.9,5.68
"667","FF",99.5,-2.58,53.28,5.63
"668","ST",87.2,-2.72,53.7,5.54
"669","FF",95.6,-2.53,53.49,5.55
"670","ST",85.7,-2.65,53.71,5.53
"671","FF",97.8,-2.36,53.61,5.69
"672","ST",87.4,-2.66,53.77,5.63
"673","ST",85.1,-2.63,53.7,5.55
"674","ST",84.9,-2.72,53.77,5.45
"675","FF",97.2,-2.26,53.54,5.8
"676","ST",84.8,-2.47,53.76,5.6
"677","FF",98.5,-2.28,53.56,5.81
"678","FF",98.6,-2.45,53.19,5.69
"679","ST",84.5,-2.07,53.85,6.32
"680","FF",98.8,-2.22,53.62,5.83
"681","ST",87.5,-2.6,53.87,5.64
"682","ST",85.3,-2.45,53.89,5.76
"683","ST",85.5,-2.58,53.8,5.62
"684","ST",84,-2.5,53.83,5.69
"685","ST",87.8,-2.75,53.85,5.66
"686","ST",87,-2.69,53.85,5.55
"687","ST",85.7,-2.48,53.76,5.71
"688","ST",85.7,-2.61,53.8,5.66
"689","FF",98.8,-2.35,53.88,5.88
"690","FF",96.6,-2.14,53.53,5.9
"691","ST",83.1,-2.11,53.83,6.24
"692","ST",85.9,-2.57,53.71,5.66
"693","ST",86.4,-2.63,53.77,5.78
"694","ST",88.2,-2.54,53.79,5.67
"695","ST",86.2,-2.04,53.65,6.13
"696","FF",98.3,-2.5,53.61,5.61
"697","ST",84.3,-2.52,53.72,5.53
"698","ST",83.9,-2.43,53.91,5.74
"699","ST",86.3,-2.61,53.83,5.69
"700","ST",83.6,-2.31,53.84,5.72
"701","ST",82.3,-2.27,52.81,5.78
"702","FF",98.3,-2.37,53.61,5.63
"703","ST",84.6,-2.58,53.66,5.63
"704","ST",82.9,-2.47,53.9,5.75
"705","FF",98.6,-2.26,53.56,5.7
"706","FF",99.9,-2.17,53.63,5.75
"707","ST",89.2,-2.73,53.84,5.55
"708","FF",100.8,-2.53,53.69,5.63
"709","FF",100.4,-2.6,53.78,5.6
"710","ST",84.9,-2.51,53.76,5.74
"711","ST",83.2,-1.85,54.06,6.36
"712","ST",83.6,-2.44,53.87,5.73
"713","FF",94.6,-2.17,53.67,5.87
"714","FF",96,-2.17,53.57,5.76
"715","ST",83.5,-2.39,53.96,5.7
"716","ST",84.3,-2.51,53.77,5.82
"717","ST",84.9,-2.81,53.37,5.31
"718","FF",96.7,-2.56,53.68,5.46
"719","ST",83.7,-2.38,53.62,5.99
"720","FF",95.5,-2.16,53.78,5.72
"721","ST",83.1,-2.57,53.62,5.47
"722","FF",97,-2.29,53.74,5.76
"723","ST",86.5,-2.23,53.77,6.08
"724","ST",85.8,-2.14,53.84,5.97
"725","ST",83.9,-2.03,53.75,6.15
"726","ST",79.6,-2.5,53.8,5.65
"727","ST",86.1,-2.26,53.63,5.81
"728","ST",84.2,-2.51,53.69,5.39
"729","FF",99.3,-2.11,53.52,5.68
"730","FF",97.8,-2.07,53.57,5.72
"731","ST",84.5,-2.31,53.47,5.44
"732","FF",99.2,-2.49,53.77,5.53
"733","FF",99.3,-2.39,53.63,5.52
"734","ST",85.3,-2.75,53.77,5.51
"735","FF",100.2,-2.37,53.77,5.67
"736","FF",101,-2.38,53.72,5.8
"737","ST",88.6,-2.68,53.64,5.51
"738","FF",100,-2.37,53.68,5.69
"739","ST",84.2,-2.57,53.43,5.34
"740","ST",85.9,-2.77,53.46,5.37
"741","FF",98.4,-2.54,53.72,5.63
"742","FF",96.8,-2.18,53.55,5.82
"743","FF",95.1,-2.14,53.54,5.75
"744","FF",98,-2.42,53.71,5.47
"745","ST",83.2,-2.29,53.66,5.86
"746","ST",82.5,-2.41,53.66,5.46
"747","ST",86.2,-2.66,53.68,5.5
"748","ST",83.2,-2.45,53.6,5.47
"749","FF",97.1,-2.33,53.62,5.63
"750","ST",82.8,-1.79,53.9,6.3
"751","ST",84,-2.55,53.44,5.43
"752","ST",83.5,-2.56,53.65,5.59
"753","FF",97.4,-2.12,53.65,5.76
"754","ST",83.4,-2.34,53.71,5.63
"755","FF",94.9,-2.1,53.54,5.82
"756","ST",88.6,-2.2,53.79,6.15
"757","FF",99.5,-2.33,53.62,5.59
"758","FF",96.6,-2.41,53.51,5.52
"759","ST",87.5,-2.59,53.55,5.35
"760","ST",85.3,-2.55,53.62,5.51
"761","ST",83.6,-2.48,53.6,5.53
"762","FF",95,-2.22,53.55,5.73
"763","ST",84.6,-2.48,53.31,5.48
"764","ST",84.1,-2.51,53.2,5.49
"765","ST",81.5,-2.59,53.61,5.63
"766","ST",85.3,-2.43,53.5,5.59
"767","ST",82.7,-2.45,53.47,5.66
"768","FF",93.3,-2.21,53.53,5.67
"769","ST",84.4,-2.4,53.72,5.7
"770","ST",85.3,-2.62,53.57,5.52
"771","ST",82.1,-2.38,53.69,5.68
"772","FF",95,-2.01,53.45,5.83
"773","FF",98.5,-2.45,53.54,5.63
"774","ST",84.5,-2.56,53.48,5.45
"775","FF",98.1,-2.29,53.5,5.65
"776","ST",84.5,-2.32,53.47,5.9
"777","FF",97.1,-2.22,53.51,5.75
"778","ST",84.5,-2.63,53.58,5.57
"779","FF",98.9,-2.35,53.4,5.66
"780","ST",87.8,-3.06,53.77,5.13
"781","ST",85.6,-2.36,53.31,5.56
"782","FF",99.5,-2.06,53.54,5.83
"783","FF",99.3,-2,53.45,5.87
"784","FF",98.3,-2.3,53.61,5.77
"785","FF",96.4,-2.31,53.45,5.77
"786","ST",84.7,-2.71,53.45,5.43
"787","ST",84.4,-2.42,53.55,5.65
"788","FF",97.1,-2.07,53.45,5.85
"789","FF",97.1,-1.86,53.47,5.91
"790","ST",82.9,-2.33,53.66,5.67
"791","FF",96.2,-2.04,53.35,5.81
"792","ST",84.9,-2.7,53.92,5.33
"793","FF",98,-2.28,53.95,5.72
"794","ST",84.5,-1.88,53.9,6.03
"795","FF",97,-2.22,53.76,5.59
"796","ST",82.3,-1.7,53.91,6.5
"797","FF",97.4,-2.12,53.59,5.59
"798","FF",98.2,-1.94,53.66,5.74
"799","FF",98,-1.84,53.7,5.74
"800","ST",81.8,-2.08,53.74,5.67
"801","FF",98.1,-1.99,53.63,5.69
"802","FF",94.4,-1.84,53.66,5.83
"803","ST",83.5,-1.76,53.87,6.23
"804","ST",82.4,-1.84,53.66,6.08
"805","ST",82.3,-2.32,53.88,5.47
"806","ST",81.2,-2.23,53.77,5.53
"807","FF",94.8,-1.84,53.73,5.78
"808","FF",95.4,-1.83,53.61,5.85
"809","FF",94.8,-2.12,53.68,5.6
"810","ST",80.8,-2.2,53.66,5.68
"811","FF",95.9,-2.26,53.73,5.57
"812","ST",82.7,-1.71,53.87,6.56
"813","ST",81.6,-2.06,54.04,6.08
"814","FF",97.3,-2.09,53.7,5.52
"815","ST",82,-2.47,53.85,5.48
"816","ST",84.9,-2.32,53.81,5.46
"817","ST",82.1,-2.46,53.74,5.46
"818","FF",99.2,-2.16,53.59,5.66
"819","FF",98,-2.04,53.6,5.68
"820","FF",97.8,-2.11,53.54,5.67
"821","ST",83.4,-2.42,53.85,5.43
"822","ST",82.6,-2.32,53.69,5.54
"823","FF",96.3,-1.84,53.56,5.7
"824","FF",97.4,-2.11,53.7,5.57
"825","ST",82.1,-2.39,53.7,5.66
"826","ST",82.8,-2.28,53.6,5.49
"827","ST",81,-2.26,53.75,5.59
"828","FF",94.3,-1.67,53.54,6.01
"829","ST",83.8,-1.84,53.64,6.1
"830","FF",97.7,-2.19,53.75,5.71
"831","ST",80.9,-1.81,53.58,6.22
"832","ST",79.3,-1.69,53.4,6.06
"833","FF",97.1,-2.05,53.5,5.71
"834","FF",98,-2.1,53.66,5.66
"835","FF",98.1,-2.1,53.52,5.63
"836","ST",81.5,-1.56,53.49,6.29
"837","ST",82.4,-2.33,53.98,5.4
"838","ST",82.1,-2.23,53.77,5.5
"839","ST",84,-2.5,53.64,5.51
"840","FF",98.2,-1.99,53.47,5.68
"841","ST",83.9,-1.88,53.76,6.17
"842","FF",95.6,-1.86,53.59,5.88
"843","FF",98.4,-2.14,53.66,5.7
"844","ST",84.9,-2.28,53.76,5.56
"845","FF",98.6,-2.2,53.52,5.7
"846","ST",82.7,-2.68,53.68,5.48
"847","FF",97.2,-2.51,53.6,5.6
"848","ST",84.4,-2.51,53.82,5.58
"849","ST",83.6,-2.55,53.8,5.62
"850","ST",85.3,-2.57,53.81,5.6
"851","ST",86,-2.71,53.68,5.57
"852","ST",85.8,-2.65,53.75,5.63
"853","ST",86.8,-2.61,53.79,5.48
"854","ST",82.8,-2.29,53.82,5.7
"855","ST",83.5,-2.66,53.68,5.63
"856","ST",83.4,-2.72,53.76,5.6
"857","FF",96.2,-2.3,53.69,5.82
"858","FF",95.9,-2.28,53.76,5.97
"859","FF",95.9,-2.24,53.74,5.88
"860","ST",79.5,-2.36,53.77,5.77
"861","FF",95.2,-2.37,53.64,5.92
"862","FF",95.5,-2.53,53.59,5.66
"863","ST",81.5,-2.5,53.7,5.66
"864","FF",97.9,-2.28,53.79,5.85
"865","FF",95.2,-2.19,53.54,5.68
"866","FF",97.1,-2.19,53.53,5.71
"867","ST",85.6,-2.67,53.63,5.52
"868","ST",83.3,-2.6,53.63,5.6
"869","FF",99.1,-2.37,53.59,5.68
"870","ST",86.6,-2.88,53.58,5.5
"871","ST",86.1,-2.68,53.58,5.5
"872","ST",83.3,-2.7,53.64,5.57
"873","ST",84.4,-2.46,53.7,5.55
"874","FF",93.5,-2.31,53.56,5.88
"875","FF",94.2,-2.15,53.59,5.91
"876","FF",94.2,-2.07,53.65,5.86
"877","FF",99.3,-2.28,53.64,5.82
"878","FF",98,-2.39,53.54,5.77
"879","ST",85,-2.26,53.82,6.2
"880","FF",96.6,-2.61,53.72,5.77
"881","FF",95.6,-2.13,53.54,5.85
"882","ST",84.3,-2.77,53.75,5.56
"883","ST",83.6,-2.48,53.74,5.74
"884","FF",98,-2.22,53.57,5.83
"885","ST",86.6,-2.59,53.74,5.53
"886","FF",99.1,-2.12,53.7,5.92
"887","FF",96.8,-2.2,53.64,5.81
"888","ST",85.3,-2.34,53.95,5.98
"889","ST",85,-2.57,53.75,5.68
"890","FF",98.1,-2.38,53.67,5.84
"891","FF",97.4,-2.36,53.56,5.83
"892","FF",97.5,-2.34,53.65,5.73
"893","FF",98.7,-2.43,53.53,5.76
"894","FF",95.9,-2.21,53.54,5.78
"895","ST",85.5,-2.28,53.66,5.93
"896","ST",84.7,-2.5,53.78,5.67
"897","FF",98,-2.17,53.56,5.71
"898","FF",97.5,-2.08,53.61,5.86
"899","FF",98.5,-2.24,53.63,5.74
"900","ST",84.7,-2.68,53.83,5.4
"901","ST",84.1,-2.3,53.76,5.88
"902","FF",98.3,-2.18,53.68,5.64
"903","FF",95.9,-2.29,53.51,5.64
"904","FF",96.2,-2.38,53.68,5.69
"905","FF",97.8,-2.03,53.51,5.82
"906","FF",95,-2.13,53.71,5.92
"907","FF",95.9,-2.29,53.65,5.72
"908","ST",82.1,-2.41,53.95,5.69
"909","FF",100.6,-2.22,53.46,5.65
"910","ST",84.1,-2.58,53.67,5.44
"911","FF",98,-2.18,53.53,5.69
"912","FF",98.4,-2.13,53.55,5.85
"913","FF",95.5,-2.22,53.51,5.68
"914","FF",95.7,-2.11,53.39,5.76
"915","ST",85.8,-2.76,53.75,5.29
"916","ST",82.3,-2.59,53.6,5.48
"917","ST",82.8,-2.63,53.64,5.48
"918","FF",96.5,-2.04,53.56,5.79
"919","ST",84,-2.6,53.59,5.47
"920","ST",83.4,-2.6,53.72,5.48
"921","ST",81.9,-2.47,53.55,5.53
"922","ST",82.1,-2.55,53.88,5.49
"923","ST",81,-2.56,53.55,5.47
"924","ST",86,-2.18,53.59,5.96
"925","ST",83.1,-2.6,53.71,5.55
"926","ST",85,-2.52,53.69,5.47
"927","ST",83.4,-2.63,53.68,5.53
"928","ST",83.5,-2.52,53.68,5.59
"929","ST",85.9,-2.54,53.67,5.48
"930","FF",97.4,-2.3,53.55,5.66
"931","ST",86.3,-2.18,53.62,5.99
"932","FF",94.9,-2.12,53.62,5.79
"933","ST",82,-2.39,53.79,5.6
"934","FF",97.9,-2.46,53.53,5.68
"935","ST",84.6,-2.1,53.68,6.05
"936","ST",82.6,-2.13,53.61,5.94
"937","ST",82.1,-2.57,53.8,5.59
"938","ST",85.4,-2.2,53.67,6.17
"939","ST",81.4,-2.58,53.66,5.56
"940","ST",85.6,-2.39,53.74,5.98
"941","FF",98.6,-2.09,53.54,5.8
"942","ST",82.6,-2.54,53.62,5.49
"943","ST",81.4,-2.56,53.77,5.69
"944","ST",82.2,-2.71,53.89,5.47
"945","FF",96.5,-2.4,53.62,5.66
"946","ST",87.5,-2.42,53.47,5.95
"947","FF",97.9,-2.47,53.63,5.77
"948","ST",85.2,-2.88,53.58,5.33
"949","ST",88.2,-2.28,53.62,6.04
"950","FF",98.1,-2.26,53.64,5.83
"951","FF",98.3,-2.41,53.58,5.66
"952","FF",98.2,-2.53,53.63,5.64
"953","ST",85.2,-2.23,53.6,6.09
"954","FF",98.6,-2.16,53.47,5.78
"955","FF",98,-2.29,53.53,5.81
"956","ST",84.7,-2.81,53.61,5.34
"957","ST",85.2,-1.95,53.55,6.04
"958","ST",85.6,-1.84,53.7,6.07
"959","ST",84.2,-2.48,53.63,5.63
"960","ST",84.8,-1.96,53.66,5.99
"961","FF",98.9,-2.02,53.63,5.72
"962","FF",96.3,-2.14,53.5,5.66
"963","ST",83.7,-2.46,53.58,5.48
"964","FF",96.6,-2.07,53.56,5.84
"965","FF",96.3,-2.09,53.53,5.71
"966","FF",97.9,-2.26,53.66,5.68
"967","FF",98.7,-2.33,53.95,5.77
"968","FF",98.1,-2.19,53.7,5.7
"969","ST",83.3,-2.61,53.74,5.54
"970","FF",98.8,-2.17,53.58,5.66
"971","FF",97.1,-2.21,53.58,5.63
"972","ST",83.8,-2.6,53.64,5.44
"973","ST",82.9,-2.5,53.9,5.54
"974","FF",97.2,-2.19,53.57,5.7
"975","ST",84.8,-2.58,53.81,5.61
"976","FF",99.2,-2.32,53.72,5.8
"977","FF",97.2,-2.13,53.6,5.69
"978","ST",81.4,-2.3,53.76,5.92
"979","FF",96.7,-2.22,53.59,5.69
"980","ST",84.5,-2.51,53.84,5.47
"981","FF",99.1,-2.27,53.69,5.65
"982","FF",100.2,-2.28,53.8,5.79
"983","FF",99.2,-2.14,53.46,5.72
"984","FF",98.1,-2.25,53.62,5.66
"985","ST",84.3,-2.49,53.7,5.52
"986","FF",98.8,-2.28,53.55,5.68
"987","ST",86.9,-2.23,53.7,5.93
"988","FF",98.6,-2.26,53.76,5.79
"989","ST",84.1,-2.6,53.71,5.56
"990","ST",83.7,-2.46,53.68,5.66
"991","ST",83.7,-2.32,53.65,5.68
"992","ST",81.9,-2.49,53.72,5.63
"993","FF",95.8,-1.88,53.57,5.91
"994","ST",85.8,-2.36,53.62,5.81
"995","ST",84.2,-2.56,53.44,5.51
"996","ST",84.1,-2.84,53.69,5.52
"997","ST",83.3,-2.3,53.56,5.91
"998","ST",82.2,-2.52,53.67,5.57
"999","ST",82.5,-2.39,53.57,5.58
"1000","ST",83.6,-2.54,53.72,5.53
"1001","ST",82.8,-2.49,53.73,5.57
"1002","ST",84.4,-2.61,53.72,5.58
"1003","ST",81.5,-2.43,53.74,5.63
"1004","ST",86.4,-2.25,53.45,5.82
"1005","FF",98.9,-2.3,53.53,5.58
"1006","ST",84.1,-2.58,53.58,5.5
"1007","ST",83,-2.55,53.7,5.47
"1008","FF",99.1,-2.28,53.53,5.68
"1009","FF",99,-2.19,53.63,5.76
"1010","FF",99.6,-2.21,53.54,5.73
"1011","FF",99.2,-2.34,53.6,5.68
"1012","ST",86.1,-2.84,53.75,5.44
"1013","FF",98.9,-2.16,53.73,5.83
"1014","ST",86.2,-2.34,53.67,5.91
"1015","FF",98.8,-2.24,53.6,5.67
"1016","ST",84.8,-2.51,53.71,5.58
"1017","FF",97.9,-2.39,53.58,5.66
"1018","FF",98.9,-2.3,53.53,5.57
"1019","ST",84.3,-2.22,53.58,6
"1020","ST",86.2,-2.57,53.58,5.52
"1021","ST",86.5,-2.44,53.67,5.56
"1022","FF",98,-2.23,53.68,5.89
"1023","ST",84.5,-2.02,53.53,6.05
"1024","ST",85.2,-2.35,53.57,5.63
"1025","ST",84.1,-2.24,53.56,5.63
"1026","FF",97.1,-2.02,53.45,5.76
"1027","ST",84.4,-2.23,53.66,5.93
"1028","ST",84,-1.95,53.45,6.12
"1029","ST",84,-2.46,53.71,5.6
"1030","ST",81.1,-2.32,53.7,5.64
"1031","ST",83.2,-2.49,53.77,5.67
"1032","ST",85.6,-2.11,53.5,5.98
"1033","ST",85.1,-2.37,53.69,5.59
"1034","ST",83.9,-2.52,53.58,5.5
"1035","ST",84.1,-2.48,53.6,5.54
"1036","FF",93,-2.28,53.62,5.81
"1037","ST",84,-2.37,53.62,5.59
"1038","FF",96.9,-2.32,53.53,5.7
"1039","ST",83.5,-2.38,53.51,5.64
"1040","FF",98.4,-2.12,53.65,5.76
"1041","ST",81.9,-2.48,53.78,5.5
"1042","ST",85.3,-2.42,53.59,5.86
"1043","FF",99.2,-2.42,53.7,5.68
"1044","ST",85.8,-2.02,53.42,6.16
"1045","ST",84.1,-2.24,53.75,5.87
"1046","FF",96.5,-2.18,53.61,5.8
"1047","FF",95.9,-2.13,53.74,5.82
"1048","ST",83.9,-2.08,53.93,6.29
"1049","FF",97,-1.83,53.79,5.97
"1050","ST",75.9,-2.26,54.01,5.81
"1051","FF",96.9,-1.78,53.78,6.02
"1052","FF",89.5,-1.86,53.73,6.05
"1053","FF",97.5,-2.11,53.59,5.77
"1054","ST",82.7,-2.47,53.85,5.48
"1055","FF",98.6,-2.07,53.68,5.79
"1056","ST",82.6,-2.47,53.63,5.6
"1057","FF",94.9,-2.1,53.73,5.85
"1058","ST",82.7,-2.94,53.56,5.2
"1059","ST",82.7,-2.16,53.82,5.87
"1060","ST",81.4,-1.99,53.67,5.85
"1061","ST",79.6,-2.05,53.7,5.89
"1062","ST",80.2,-2.37,53.74,5.58
"1063","FF",98.4,-2.07,53.53,5.74
"1064","FF",98.1,-2.11,53.67,5.71
"1065","ST",83.9,-2.57,53.77,5.5
"1066","FF",98.6,-2.17,53.84,5.82
"1067","ST",82.5,-2.52,53.96,5.55
"1068","ST",85.3,-2.06,53.69,5.94
"1069","FF",101.2,-2.16,53.77,5.82
"1070","FF",100.3,-2.15,53.85,5.73
"1071","FF",99.3,-2.35,53.59,5.61
"1072","ST",83,-2.42,53.8,5.47
"1073","ST",84.5,-2.4,53.72,5.48
"1074","ST",83.8,-2.33,53.74,5.48
"1075","FF",97.5,-2.12,53.59,5.68
"1076","ST",83.7,-2.51,53.74,5.5
"1077","ST",83.2,-2.47,53.84,5.6
"1078","FF",97.6,-1.93,53.43,5.73
"1079","ST",81.9,-2.4,53.69,5.63
"1080","FF",97.3,-1.91,53.51,5.72
"1081","ST",83.8,-2.57,53.7,5.43
"1082","ST",81.8,-2.4,53.69,5.58
"1083","FF",98.1,-2.15,53.61,5.69
"1084","ST",83.4,-2.61,53.95,5.5
"1085","FF",96.7,-2.19,53.71,5.76
"1086","ST",74.8,-2.12,53.45,6.13
"1087","ST",80.8,-2.54,53.78,5.48
"1088","ST",82.1,-2.55,53.97,5.56
"1089","ST",86.4,-2.26,53.7,5.92
"1090","FF",98.2,-2.35,53.67,5.68
"1091","ST",84.8,-2.12,54,6.11
"1092","ST",79.4,-2.31,53.96,5.76
"1093","ST",85.8,-1.88,53.75,6.02
"1094","ST",81.5,-2.43,53.64,5.55
"1095","ST",83.3,-2.21,53.77,6
"1096","FF",98.6,-2.26,53.71,5.69
"1097","FF",97.2,-2.26,53.58,5.69
"1098","ST",81.8,-2.6,53.75,5.52
"1099","FF",98.4,-2.1,53.64,5.83
"1100","ST",84.1,-2.12,53.74,6.06
"1101","FF",98.1,-2.05,53.55,5.77
"1102","FF",97.2,-1.97,53.62,5.88
"1103","FF",95.5,-2.21,53.53,5.8
"1104","ST",84.4,-2.12,53.82,6
"1105","ST",79.6,-2.32,53.72,5.74
"1106","ST",82.5,-2.41,53.86,5.52
"1107","ST",85.3,-2.11,53.89,5.99
"1108","ST",81.6,-2.4,53.76,5.65
"1109","ST",86.1,-1.87,53.63,6.05
"1110","ST",82.3,-2.43,53.86,5.57
"1111","ST",82.7,-2.5,53.64,5.29
"1112","ST",82.6,-2.47,53.83,5.9
"1113","ST",78.3,-2.46,53.66,5.63
"1114","ST",75.9,-2.45,53.93,5.71
"1115","FF",98.8,-2,53.53,5.85
"1116","ST",79.9,-1.87,53.54,6.15
"1117","FF",97.2,-2,53.59,5.75
"1118","ST",79,-2.59,53.69,5.52
"1119","FF",98.7,-2.15,53.56,5.63
"1120","FF",91.3,-1.88,53.5,5.98
"1121","FF",93.5,-2.05,53.68,5.84
"1122","FF",92.8,-1.88,53.53,5.9
"1123","ST",81.4,-2.42,53.75,5.55
"1124","FF",97.9,-1.91,53.5,5.79
"1125","ST",84.5,-2.1,53.62,5.88
"1126","ST",81.8,-2.53,53.85,5.47
"1127","ST",83.3,-2.47,53.61,5.49
"1128","ST",82.2,-2.4,54.08,5.56
"1129","ST",86.6,-2.13,53.53,5.78
"1130","ST",81,-2.28,53.86,5.59
"1131","FF",97.2,-1.98,53.53,5.72
"1132","FF",98.6,-2.33,53.61,5.56
"1133","ST",86.3,-2.26,53.57,5.88
"1134","ST",86.2,-2.39,53.57,5.59
"1135","FF",97.8,-2.34,53.58,5.59
"1136","ST",85.6,-2.09,53.68,5.97
"1137","ST",83.4,-2.45,53.56,5.54
"1138","ST",84.3,-2.46,53.56,5.34
"1139","FF",96,-2.07,53.5,5.64
"1140","FF",96.8,-2.13,53.57,5.61
"1141","FF",95.2,-2.07,53.52,5.69
"1142","ST",83.8,-2.3,53.55,5.59
"1143","ST",83.7,-2.42,53.64,5.44
"1144","ST",86.1,-2.68,53.62,5.39
"1145","FF",99.7,-2.27,53.54,5.5
"1146","ST",88,-2.14,53.56,5.86
"1147","ST",87.1,-1.93,53.71,6.22
"1148","FF",99.8,-2.25,53.66,5.69
"1149","FF",98.9,-2.32,53.66,5.63
"1150","ST",83.8,-2.07,53.51,5.92
"1151","ST",87.2,-2.09,53.63,5.91
"1152","ST",84.9,-2.42,53.57,5.47
"1153","ST",83.6,-2.49,53.76,5.56
"1154","ST",87.3,-2.24,53.6,6.05
"1155","ST",86.3,-2.11,53.63,5.89
"1156","FF",100.2,-2.25,53.52,5.61
"1157","ST",82,-2.39,53.48,5.69
"1158","ST",83,-2.36,53.76,5.67
"1159","FF",98.3,-2.37,53.59,5.68
"1160","ST",87,-2.27,53.52,5.81
"1161","ST",83.9,-2.47,53.66,5.49
"1162","FF",96.2,-2.35,53.54,5.64
"1163","ST",84.3,-2.56,53.5,5.51
"1164","ST",83.7,-2.13,53.7,6.1
"1165","ST",84.3,-2.44,53.58,5.61
"1166","ST",85.6,-2.27,53.45,5.96
"1167","ST",86.4,-2.04,53.29,6.01
"1168","ST",84.3,-2.41,53.58,5.7
"1169","ST",85.4,-2.48,53.62,5.51
"1170","ST",84.3,-2.57,53.76,5.54
"1171","ST",83.9,-2.38,53.79,5.72
"1172","FF",98.7,-2.03,53.51,5.86
"1173","ST",85,-2.1,53.47,5.98
"1174","ST",82.8,-2.09,53.46,5.94
"1175","ST",83.2,-2.36,53.76,5.7
"1176","ST",83.4,-2.22,53.83,5.96
"1177","FF",97.6,-2.4,53.79,5.54
"1178","ST",83.6,-2.4,53.79,5.82
"1179","ST",82.7,-2.48,53.87,5.42
"1180","ST",81.3,-2.4,53.91,5.46
"1181","ST",84.5,-2.24,53.89,5.94
"1182","ST",83.3,-2.4,53.68,5.51
"1183","ST",82.7,-2.48,53.82,5.6
"1184","ST",82.3,-2.39,54.11,5.61
"1185","ST",80.9,-2.37,53.72,5.69
"1186","FF",98.4,-2.24,53.82,5.6
"1187","ST",84,-2.46,54,5.54
"1188","ST",82,-2.3,53.91,5.68
"1189","ST",85.1,-2.56,53.79,5.48
"1190","FF",98.3,-2.03,53.62,5.68
"1191","FF",97.4,-2.17,53.78,5.71
"1192","FF",97.4,-2.14,53.78,5.7
"1193","ST",85,-2.33,53.78,5.77
"1194","FF",98.1,-2.46,53.59,5.54
"1195","ST",86.1,-2.27,53.79,5.93
"1196","ST",84.1,-2.02,53.56,5.98
"1197","ST",83.9,-2.32,53.83,5.56
"1198","FF",94.3,-2,53.62,5.7
"1199","ST",81.9,-2.52,53.76,5.55
"1200","ST",74.7,-2.45,53.84,5.59
"1201","FF",97.3,-2.21,53.57,5.72
"1202","ST",82,-3.04,53.83,5.18
"1203","ST",82,-2.07,53.66,6.05
"1204","ST",83.6,-2.26,53.67,5.87
"1205","ST",73.6,-2.43,53.93,5.72
"1206","ST",78.9,-2.49,53.81,5.63
"1207","FF",97.7,-2.41,53.75,5.56
"1208","ST",82,-2.3,53.78,5.98
"1209","ST",83.5,-2.23,53.68,5.91
"1210","FF",98.5,-2.38,53.59,5.61
"1211","FF",97.1,-2.44,53.49,5.47
"1212","ST",81.8,-2.28,53.49,5.79
"1213","FF",93.3,-2.52,53.39,5.45
"1214","ST",82.9,-2.91,53.54,5.21
"1215","ST",82.2,-2.59,53.58,5.44
"1216","FF",93.4,-2.09,53.39,5.67
"1217","ST",81.7,-2.51,53.71,5.48
"1218","ST",80.2,-2.5,53.84,5.67
"1219","ST",84.4,-2.53,53.66,5.52
"1220","FF",98.7,-2.21,53.55,5.66
"1221","FF",98.5,-2.3,53.59,5.68
"1222","ST",80.9,-2.6,53.64,5.5
"1223","ST",82.3,-2.99,53.78,5.27
"1224","ST",83.7,-2.19,53.5,5.91
"1225","ST",82.8,-2.44,53.59,5.48
"1226","ST",83,-2.56,53.45,5.45
"1227","ST",83,-2.45,53.73,5.75
"1228","FF",98.2,-2.34,53.56,5.65
"1229","ST",82.3,-2.54,53.73,5.49
"1230","ST",82.7,-2.65,53.62,5.52
"1231","ST",80.3,-2.55,53.92,5.61
"1232","ST",80.5,-2.5,53.69,5.59
"1233","ST",83.5,-2.78,53.64,5.46
"1234","FF",97.3,-2.43,53.44,5.48
"1235","FF",96.2,-2.34,53.5,5.52
"1236","ST",83,-2.65,53.49,5.47
"1237","ST",83.4,-2.41,53.6,5.79
"1238","ST",84.1,-2.23,53.52,5.95
"1239","ST",82.5,-2.58,53.71,5.48
"1240","ST",82.3,-2.47,53.76,5.58
"1241","ST",84.8,-2.67,53.49,5.41
"1242","ST",82.1,-2.58,53.5,5.42
"1243","FF",95.9,-2.34,53.45,5.49
"1244","ST",83.4,-2.41,53.45,5.45
"1245","ST",83.1,-2.48,53.48,5.52
"1246","FF",95.5,-2.21,53.48,5.73
"1247","ST",83.7,-2.26,53.61,5.84
"1248","FF",97.3,-2.38,53.63,5.56
"1249","ST",83.3,-2.41,53.54,5.52
"1250","FF",92.5,-2.11,53.47,5.74
"1251","ST",81.9,-2.46,53.73,5.6
"1252","ST",80.9,-2.38,53.73,5.71
"1253","ST",82.6,-2.51,53.8,5.7
"1254","FF",96.2,-2.37,53.43,5.61
"1255","ST",83.7,-2.55,53.68,5.37
"1256","ST",82.3,-2.5,53.51,5.54
"1257","ST",82.7,-2.6,53.63,5.54
"1258","ST",82.7,-2.47,53.55,5.55
"1259","ST",82,-2.51,53.52,5.54
"1260","ST",83,-2.49,53.6,5.56
"1261","ST",82.3,-2.47,53.58,5.57
"1262","ST",83.7,-2.38,53.45,5.85
"1263","ST",82.6,-2.38,53.48,5.6
"1264","ST",81,-2.34,53.6,5.59
"1265","ST",83.9,-2.36,53.49,5.64
"1266","FF",95.4,-2.14,53.46,5.68
"1267","FF",96.9,-2.2,53.55,5.73
"1268","ST",83.9,-2.53,53.43,5.45
"1269","ST",86.6,-2.5,53.52,5.47
"1270","FF",95.1,-2.06,53.49,5.74
"1271","ST",83,-2.43,53.48,5.64
"1272","ST",81.3,-2.29,53.44,5.67
"1273","ST",83.1,-2.52,53.84,5.46
"1274","ST",85.8,-2.64,53.43,5.29
"1275","ST",78.5,-2.48,54.1,5.53
"1276","FF",95.9,-1.95,53.71,5.77
"1277","ST",84.3,-2.35,54.05,5.57
"1278","FF",97.6,-2.04,53.75,5.69
"1279","ST",86.8,-2.42,53.86,5.62
"1280","ST",83.9,-2.37,54.05,5.7
"1281","ST",86.6,-2.33,53.87,5.56
"1282","ST",83.3,-2.39,53.98,5.54
"1283","ST",85.2,-2.42,53.88,5.53
"1284","FF",97.5,-2.04,53.74,5.69
"1285","ST",84,-2.51,53.83,5.52
"1286","ST",86.6,-2.41,54,5.41
"1287","ST",83.2,-2.44,53.89,5.47
"1288","ST",83.7,-2.32,53.93,5.56
"1289","ST",85,-2.49,54.06,5.55
"1290","ST",83.3,-2.37,53.98,5.66
"1291","ST",81.8,-2.23,54.02,5.8
"1292","ST",84.7,-2.51,53.87,5.47
"1293","FF",97.9,-2.11,53.77,5.74
"1294","ST",84.7,-2.31,53.95,5.66
"1295","FF",93.1,-1.99,53.65,5.78
"1296","FF",94.6,-1.91,53.6,5.72
"1297","ST",79.7,-2.22,54.01,5.81
"1298","ST",84.6,-2.45,53.76,5.57
"1299","FF",97.1,-2.04,53.55,5.68
"1300","ST",84.2,-2.54,53.78,5.53
"1301","FF",97.1,-2.16,53.55,5.65
"1302","ST",84.1,-2.27,53.67,5.64
"1303","FF",96.2,-2.08,53.61,5.64
"1304","ST",83.7,-2.38,53.79,5.61
"1305","ST",83.1,-2.36,53.68,5.57
"1306","ST",83.3,-2.32,53.79,5.62
"1307","ST",82.6,-2.46,53.77,5.55
"1308","ST",82.4,-2.18,53.79,5.61
"1309","ST",83.7,-2.33,53.75,5.47
"1310","FF",96.1,-2.08,53.59,5.67
"1311","ST",82.9,-2.4,53.87,5.54
"1312","ST",83.7,-2.47,53.91,5.46
"1313","ST",84.5,-2.33,53.68,5.53
"1314","FF",97.9,-2.1,53.75,5.77
"1315","ST",83.5,-2.29,53.84,5.46
"1316","FF",98,-2.1,53.6,5.66
"1317","FF",96.2,-2.04,53.54,5.66
"1318","ST",84.4,-2.29,53.78,5.56
"1319","FF",96.6,-2.1,53.64,5.63
"1320","ST",84,-2.26,53.88,5.4
"1321","ST",84.1,-2.4,53.79,5.45
"1322","ST",84,-2.33,53.74,5.44
"1323","ST",83.7,-2.25,53.85,5.55
"1324","ST",84.6,-2.28,53.88,5.59
"1325","FF",95.8,-2.03,53.82,5.64
"1326","ST",85.1,-2.39,53.85,5.44
"1327","FF",97.2,-1.89,53.62,5.72
"1328","ST",84,-2.45,53.97,5.54
"1329","FF",95.3,-1.99,53.74,5.84
"1330","ST",81.4,-2.36,53.81,5.64
"1331","ST",81.7,-2.18,53.91,5.72
"1332","FF",93.5,-2.02,53.79,5.77
"1333","ST",81.3,-2.31,53.92,5.72
"1334","FF",95.7,-1.94,53.64,5.62
"1335","FF",96.8,-1.84,53.59,5.68
"1336","FF",96.9,-1.82,53.49,5.67
"1337","FF",98,-1.95,53.61,5.72
"1338","FF",96.2,-2.21,53.69,5.6
"1339","FF",96.3,-2.08,53.57,5.64
"1340","ST",84.9,-2.21,53.66,5.57
"1341","ST",85.7,-2.24,53.76,5.48
"1342","ST",83.5,-2.26,53.76,5.5
"1343","ST",85.6,-2.28,53.72,5.51
"1344","ST",82.5,-2.24,53.92,5.59
"1345","FF",95,-2,53.55,5.65
"1346","ST",84.7,-2.29,53.8,5.48
"1347","ST",83.3,-2.18,53.86,5.66
"1348","ST",83.2,-2.53,53.82,5.39
"1349","FF",98.6,-2.09,53.5,5.81
"1350","ST",81.7,-2.42,53.68,5.63
"1351","ST",83.7,-2.52,53.66,5.51
"1352","FF",98.3,-2.38,53.41,5.59
"1353","FF",94.1,-2.23,53.66,5.68
"1354","FF",93.1,-2.17,53.59,5.79
"1355","FF",95,-2.37,53.46,5.64
"1356","FF",96.5,-2.19,53.49,5.67
"1357","FF",96.2,-2.13,53.56,5.85
"1358","ST",84.4,-2.48,53.69,5.58
"1359","ST",82.5,-2.33,53.81,5.65
"1360","ST",82.7,-2.63,53.61,5.48
"1361","ST",84.5,-2.48,53.67,5.6
"1362","ST",82.8,-2.6,53.85,5.4
"1363","ST",82.6,-2.65,54,5.49
"1364","ST",81.9,-2.4,53.71,5.6
"1365","ST",81.9,-2.52,53.74,5.63
"1366","ST",82.5,-2.32,53.66,5.68
"1367","FF",99.4,-2.11,53.55,5.78
"1368","ST",85.3,-2.57,53.81,5.51
"1369","FF",99.5,-1.96,53.35,5.76
"1370","ST",85.7,-2.4,53.8,5.61
"1371","FF",97.8,-2.04,53.36,5.74
"1372","FF",97.7,-2.06,53.49,5.68
"1373","FF",95.4,-2.17,53.5,5.74
"1374","ST",81.9,-2.24,53.86,5.7
"1375","ST",82.8,-2.38,53.81,5.73
"1376","FF",100.7,-1.94,53.42,5.72
"1377","FF",99.3,-2.26,53.49,5.61
"1378","FF",98.8,-2.13,53.44,5.69
"1379","ST",87.4,-2.44,53.68,5.46
"1380","FF",99.4,-2.14,53.4,5.72
"1381","FF",99.8,-2.02,53.55,5.8
"1382","FF",99.4,-2.04,53.51,5.77
"1383","FF",99.5,-2.11,53.55,5.76
"1384","FF",99.8,-2.07,53.52,5.83
"1385","FF",99.4,-2.45,53.5,5.77
"1386","FF",98.3,-2.26,53.54,5.74
"1387","ST",85,-2.57,53.67,5.55
"1388","ST",84.9,-2.68,53.76,5.62
"1389","FF",99.2,-2.38,53.61,5.68
"1390","ST",86.8,-2.42,53.82,5.7
"1391","ST",85.8,-2.64,53.77,5.56
"1392","ST",84.6,-2.49,53.77,5.7
"1393","ST",84.6,-2.32,53.77,5.66
"1394","ST",84.3,-2.4,53.79,5.64
"1395","ST",83.7,-2.48,53.79,5.75
"1396","ST",84.4,-2.48,53.84,5.61
"1397","ST",83.4,-2.23,53.85,5.8
"1398","FF",97.7,-2.27,53.67,5.73
"1399","ST",84.5,-2.44,53.88,5.69
"1400","ST",85.2,-2.62,53.81,5.54
"1401","ST",86.7,-2.55,53.92,5.58
"1402","FF",97.7,-2.07,53.58,5.72
"1403","FF",98.5,-2.19,53.6,5.72
"1404","ST",83.9,-2.3,53.89,5.64
"1405","ST",85.3,-2.34,53.82,5.66
"1406","FF",97.5,-2.12,53.7,5.72
"1407","ST",82.9,-2.23,53.88,5.71
"1408","ST",84,-2.28,53.86,5.68
"1409","FF",96.6,-2.02,53.73,5.83
"1410","ST",83.2,-2.31,53.91,5.63
"1411","ST",84.4,-2.47,53.85,5.59
"1412","FF",97.1,-2.11,53.62,5.69
"1413","ST",85.2,-2.48,53.85,5.47
"1414","ST",85.3,-2.38,53.77,5.58
"1415","ST",83.3,-2.31,53.74,5.56
"1416","ST",83.5,-2.38,53.88,5.66
"1417","ST",84.4,-2.36,53.77,5.7
"1418","FF",98,-2.06,53.5,5.72
"1419","ST",85.3,-2.21,53.76,5.7
"1420","ST",84.3,-2.3,53.71,5.73
"1421","FF",95.9,-1.96,53.66,5.88
"1422","FF",96.4,-1.95,53.57,5.88
"1423","ST",82.8,-2.27,53.93,5.73
"1424","ST",81.8,-2.2,53.98,5.88
