flipper_scaled,bill_scaled
-1.4162715251128202,-0.8832046685650126
-1.0606960871532076,-0.8099390093207625
-0.420660298825905,-0.6634076908322624
-0.56289047400975,-1.3227986240305143
-0.7762357367855175,-0.8465718389428881
-1.4162715251128202,-0.9198374981871382
-0.420660298825905,-0.8648882537539497
-0.56289047400975,-1.799025409118142
-0.7762357367855175,-0.35202863904419784
-1.0606960871532076,-1.121318061108827
-1.4873866127047426,-1.121318061108827
-1.3451564375208975,-0.5168763723437608
-0.7051206491935951,-0.9747867426203255
-0.2073150360501375,-1.7074433350628289
-1.13181117474513,-1.3411150388415771
-0.420660298825905,-0.9564703278092627
-0.27843012364206,-0.2604465649888849
-1.2029262623370525,-1.7440761646849545
-0.49177538641782753,0.3806279533983056
-1.9140771382562776,-1.121318061108827
-1.4873866127047426,-1.1396344759198884
-0.84735082437744,-1.4693299425190158
-1.13181117474513,-1.0480524018645756
-1.4873866127047426,-0.9381539129982011
-0.9895809995612851,-1.5792284313853915
-1.274041349928975,-0.6084584463990738
-0.9895809995612851,-0.6267748612101366
-2.0563073134401226,-1.103001646297764
-1.4873866127047426,-0.6267748612101366
-1.6296167878885877,-0.8099390093207625
-1.6296167878885877,-1.2312165499752015
-0.9184659119693626,-0.8099390093207625
-1.2029262623370525,-0.5535092019658865
-0.420660298825905,-1.3777478684637028
-0.3495452112339825,-0.8648882537539497
-0.7762357367855175,-0.9381539129982011
-1.4873866127047426,-0.3153958094220721
-1.4162715251128202,-1.1579508907309513
-1.2029262623370525,-0.7549897648875752
-1.3451564375208975,-1.35943145365264
-0.420660298825905,-0.5718256167769494
-1.0606960871532076,-1.451013527707953
-0.3495452112339825,0.03261607198811672
-1.13181117474513,-1.2678493795973271
-0.7762357367855175,-0.7916225945096996
-1.3451564375208975,-0.5168763723437608
-1.558501700296665,-1.176267305542014
-0.7762357367855175,-1.451013527707953
-0.7051206491935951,-0.2970793946110106
-1.0606960871532076,-0.7916225945096996
-0.9184659119693626,-0.7000405204543867
-0.7762357367855175,-1.6341776758185789
-0.06508486086629249,-0.35202863904419784
-0.9895809995612851,-1.7257597498738917
-0.7051206491935951,-0.4619271279105736
-1.0606960871532076,-0.9015210833760754
-0.56289047400975,-0.6084584463990738
-1.4162715251128202,-1.35943145365264
-0.49177538641782753,-1.1579508907309513
-1.13181117474513,-1.5059627721411402
-0.420660298825905,-0.48024354272163644
-1.13181117474513,-1.1579508907309513
-0.6340055616016725,-0.5168763723437608
-1.2029262623370525,-1.3777478684637028
-0.6340055616016725,-0.4252942982884479
-0.420660298825905,-1.5425956017632658
-0.9184659119693626,-0.5168763723437608
-0.7762357367855175,-1.4693299425190158
-0.2073150360501375,-0.3886614686663235
-0.7762357367855175,-1.9089238979845176
-0.7762357367855175,-0.7733061796986368
-0.3495452112339825,-0.7916225945096996
-0.27843012364206,0.3439951237761799
-0.7762357367855175,-1.5425956017632658
-0.420660298825905,-0.20549732055569767
-0.7051206491935951,-0.5535092019658865
-1.2029262623370525,-1.2312165499752015
-0.9895809995612851,-1.4143806980858273
-0.420660298825905,-0.333712224233135
-0.84735082437744,-1.7074433350628289
-0.3495452112339825,-0.18718090574463483
-0.9895809995612851,-1.3227986240305143
-0.56289047400975,-1.615861261007516
-0.7051206491935951,-1.21290013516414
-0.49177538641782753,-0.48024354272163644
-0.7762357367855175,-1.3960642832747658
-0.84735082437744,-1.28616579440839
-0.84735082437744,-1.029735987053514
-0.7762357367855175,-0.9198374981871382
0.07714531431755252,-1.5059627721411402
0.29049057709332005,-0.5168763723437608
-1.13181117474513,-1.8173418239292047
-1.0606960871532076,-0.7916225945096996
-0.9895809995612851,-1.4143806980858273
0.5038358398690875,-0.5718256167769494
-0.7762357367855175,-1.0663688166756384
-0.3495452112339825,-0.6634076908322624
-1.6296167878885877,-1.9821895572287678
-0.6340055616016725,-0.13223166131144629
-0.6340055616016725,-1.6341776758185789
0.14826040190947504,-0.5351927871548237
-1.274041349928975,-1.1396344759198884
-0.7762357367855175,-1.121318061108827
-0.56289047400975,-1.103001646297764
-1.2029262623370525,-0.7733061796986368
-0.13619994845821498,-0.9747867426203255
-0.7762357367855175,-1.0480524018645756
-1.4162715251128202,-1.0663688166756384
-0.27843012364206,-0.13223166131144629
-0.2073150360501375,-1.0663688166756384
-0.7051206491935951,0.3073622941540555
-0.56289047400975,-0.7733061796986368
-0.27843012364206,-0.3153958094220721
-0.7051206491935951,-0.7916225945096996
-0.3495452112339825,-0.22381373536675922
-0.9184659119693626,-0.9747867426203255
-0.13619994845821498,-1.21290013516414
-0.84735082437744,-1.5059627721411402
-0.84735082437744,-0.5168763723437608
-0.9895809995612851,-1.4143806980858273
-0.2073150360501375,-1.1396344759198884
-1.7718469630724327,-0.6817241056433239
0.07714531431755252,-0.4619271279105736
-1.0606960871532076,-1.5975448461964532
-0.13619994845821498,-0.6084584463990738
-0.7051206491935951,-0.9381539129982011
-0.420660298825905,-0.4436107130995108
-0.7051206491935951,-0.9015210833760754
0.6460660150529326,0.03261607198811672
-0.7762357367855175,-0.9931031574313883
-0.27843012364206,-0.15054807612250914
-0.56289047400975,-1.3044822092194528
-0.13619994845821498,-1.176267305542014
-0.9895809995612851,-1.0663688166756384
-0.7762357367855175,-0.5168763723437608
-0.7051206491935951,-1.524279186952203
-0.06508486086629249,-0.6817241056433239
-1.13181117474513,-1.2678493795973271
-0.56289047400975,-0.7733061796986368
-0.56289047400975,-0.6817241056433239
-0.9895809995612851,-0.6084584463990738
-0.9184659119693626,-2.1653537053393936
-0.7762357367855175,-0.5901420315880109
-0.6340055616016725,-1.21290013516414
-1.13181117474513,-0.9015210833760754
-0.7762357367855175,-0.8648882537539497
-1.2029262623370525,-1.3411150388415771
-0.420660298825905,-1.451013527707953
-0.56289047400975,-1.121318061108827
-0.9895809995612851,-1.451013527707953
0.006030226725630017,-0.4436107130995108
0.717181102644855,0.3989443682093684
2.0683677668913827,1.113284545840809
0.6460660150529326,0.8751711532969959
1.2149867157883125,1.113284545840809
1.001641453012545,0.6736905903753072
0.6460660150529326,0.4722100274536185
0.717181102644855,0.2707294645319298
1.2861018033802352,0.5088428570757442
0.5749509274610101,-0.11391524650038475
1.001641453012545,0.5271592718868058
0.9305263654206226,-0.5535092019658865
1.0727565406044677,0.9301203977301832
0.9305263654206226,0.28904587934299264
0.8594112778287001,0.8202219088638074
0.6460660150529326,0.3439951237761799
1.14387162819639,0.9850696421633703
0.6460660150529326,-0.35202863904419784
1.4283319785640802,0.9667532273523088
0.5749509274610101,0.4172607830204313
1.4994470661560027,0.8751711532969959
1.2149867157883125,1.1499173754629346
1.001641453012545,0.21578022009874256
0.8594112778287001,0.4722100274536185
1.001641453012545,0.43557719783149285
1.001641453012545,-0.18718090574463483
1.001641453012545,0.3989443682093684
1.0727565406044677,0.1058817312323668
1.001641453012545,0.7103234199974316
0.6460660150529326,0.783589079241683
1.3572168909721576,1.113284545840809
1.4994470661560027,0.6187413459421187
0.5749509274610101,-0.20549732055569767
0.43272075227716505,0.21578022009874256
2.0683677668913827,2.8716603677028174
1.3572168909721576,0.948436812541246
1.3572168909721576,0.8202219088638074
0.8594112778287001,-0.24213015017782205
1.2861018033802352,0.08756531642130395
0.5038358398690875,0.014299657177053874
0.5038358398690875,0.8751711532969959
0.5038358398690875,-0.22381373536675922
1.7127923289317701,1.040018886596559
0.6460660150529326,0.252413049720867
1.0727565406044677,1.040018886596559
1.4994470661560027,1.204866619896122
1.14387162819639,-0.05896600206719621
0.6460660150529326,0.28904587934299264
1.7127923289317701,1.204866619896122
0.8594112778287001,0.17914739047661687
1.001641453012545,0.23409663490980542
0.6460660150529326,0.49052644226468134
1.3572168909721576,0.8385383236748702
0.6460660150529326,0.21578022009874256
1.7127923289317701,1.1316009606518718
1.14387162819639,0.4722100274536185
1.3572168909721576,0.19746380528767973
0.5038358398690875,-0.022333172445071818
1.3572168909721576,0.28904587934299264
0.5038358398690875,-0.13223166131144629
1.6416772413398477,1.1865502050850592
0.5038358398690875,0.252413049720867
1.4283319785640802,0.4172607830204313
0.9305263654206226,0.32567870896511836
2.139482854483305,1.9008903827164996
1.2861018033802352,0.3439951237761799
2.0683677668913827,1.0766517162186833
0.9305263654206226,0.4172607830204313
1.9972526792994603,1.0217024717854961
1.3572168909721576,-0.07728241687825906
1.570562153747925,1.2414994495182476
1.0727565406044677,0.69200700518637
1.4283319785640802,0.4538936126425557
1.4283319785640802,0.783589079241683
1.14387162819639,0.4722100274536185
1.0727565406044677,0.4538936126425557
2.0683677668913827,0.8568547384859331
0.5749509274610101,0.6553741755642444
1.3572168909721576,1.3147651087624976
1.001641453012545,0.23409663490980542
1.570562153747925,0.23409663490980542
0.7882961902367775,0.948436812541246
1.4283319785640802,1.5711949161173737
0.7882961902367775,0.6370577607531815
1.6416772413398477,1.113284545840809
0.7882961902367775,0.17914739047661687
1.9261375917075376,1.2598158643293091
1.2149867157883125,-0.0955988316893219
1.2149867157883125,1.3513979383846222
0.7882961902367775,0.6553741755642444
2.0683677668913827,1.4979292568731235
1.2149867157883125,0.6553741755642444
1.9261375917075376,1.5162456716841863
0.7882961902367775,0.28904587934299264
1.6416772413398477,1.0217024717854961
0.9305263654206226,0.1058817312323668
1.7839074165236926,1.2598158643293091
1.0727565406044677,1.0033860569744333
1.4994470661560027,0.5454756866978686
0.14826040190947504,0.8202219088638074
1.7127923289317701,1.3147651087624976
1.2861018033802352,0.8385383236748702
1.9261375917075376,2.193953019693501
1.001641453012545,0.6004249311310571
1.9261375917075376,0.948436812541246
1.0727565406044677,0.6187413459421187
1.001641453012545,0.5271592718868058
0.6460660150529326,-0.40697788347738506
1.2861018033802352,1.7360426494169368
0.5038358398690875,-0.11391524650038475
0.5749509274610101,0.7652726644306201
1.0727565406044677,1.204866619896122
1.9972526792994603,1.0766517162186833
0.8594112778287001,-0.07728241687825906
2.0683677668913827,1.3880307680067479
1.14387162819639,0.4172607830204313
2.0683677668913827,2.047421701205001
1.14387162819639,0.1058817312323668
1.4994470661560027,0.8934875681080574
0.9305263654206226,0.6004249311310571
1.001641453012545,0.5271592718868058
1.4994470661560027,1.1865502050850592
0.7882961902367775,0.23409663490980542
0.8594112778287001,1.094968131029746
-0.6340055616016725,0.4722100274536185
-0.3495452112339825,1.113284545840809
-0.56289047400975,1.3513979383846222
-0.9184659119693626,0.2707294645319298
-0.27843012364206,1.6078277457394994
-0.2073150360501375,0.23409663490980542
-1.6296167878885877,0.3989443682093684
-0.27843012364206,1.3513979383846222
-0.420660298825905,0.3806279533983056
-0.2073150360501375,1.3513979383846222
-0.56289047400975,0.49052644226468134
-0.49177538641782753,1.4246635976288735
-1.13181117474513,0.5637921015089314
0.006030226725630017,1.4796128420620607
-0.7762357367855175,0.36231153858724274
0.006030226725630017,1.204866619896122
-0.27843012364206,1.1682337902739963
-1.4162715251128202,2.5785977307258157
-0.7762357367855175,0.4538936126425557
-0.420660298825905,0.9667532273523088
-1.4162715251128202,-0.27876297979994774
-0.7051206491935951,0.8385383236748702
-0.9895809995612851,-0.13223166131144629
-0.56289047400975,1.2231830347071848
-0.420660298825905,0.5088428570757442
-0.27843012364206,1.4796128420620607
-0.06508486086629249,1.204866619896122
-0.06508486086629249,1.0217024717854961
-0.7051206491935951,0.4538936126425557
0.29049057709332005,1.6261441605505609
-0.9895809995612851,-0.5535092019658865
0.006030226725630017,1.882573967905438
-0.9895809995612851,-0.2604465649888849
0.14826040190947504,1.2964486939514348
-0.420660298825905,1.0583353014076218
-0.13619994845821498,0.6553741755642444
-0.420660298825905,0.6736905903753072
0.6460660150529326,1.4796128420620607
-0.6340055616016725,0.5454756866978686
0.29049057709332005,1.7543590642279996
0.6460660150529326,0.9301203977301832
-0.9895809995612851,0.4172607830204313
-0.3495452112339825,1.278132279140372
-0.3495452112339825,0.28904587934299264
-0.3495452112339825,1.278132279140372
0.006030226725630017,1.2598158643293091
-0.7762357367855175,1.1316009606518718
0.7882961902367775,0.9301203977301832
-0.9895809995612851,1.3880307680067479
-0.2073150360501375,1.0766517162186833
-0.13619994845821498,0.7652726644306201
0.006030226725630017,1.369714353195685
-0.56289047400975,0.32567870896511836
0.14826040190947504,1.2414994495182476
-0.9895809995612851,-0.2604465649888849
-0.27843012364206,1.5162456716841863
-0.7051206491935951,0.23409663490980542
0.14826040190947504,0.9850696421633703
0.07714531431755252,1.1499173754629346
-0.49177538641782753,0.3073622941540555
0.3616056646852425,1.4612964272509978
-0.84735082437744,0.5271592718868058
-0.420660298825905,0.32567870896511836
0.43272075227716505,2.1756366048824383
0.07714531431755252,-0.07728241687825906
-0.56289047400975,1.040018886596559
0.6460660150529326,1.2598158643293091
-0.2073150360501375,1.1499173754629346
